run_id,model_key,model_name,val_strategy,aug_condition,parameters,train_users,val_users,test_users,train_events,val_events,test_events,val_accuracy,val_precision,val_recall,val_f1,val_auc,val_pr_auc,val_log_loss,test_accuracy,test_precision,test_recall,test_f1,test_auc,test_pr_auc,test_log_loss,train_time_sec,inference_time_sec,throughput_events_per_sec,peak_ram_mb,peak_vram_mb,fit_status,correction_applied,before_val_auc,after_val_auc,checkpoint_path,cv_metrics,timestamp,status,reconstruction_mse,hitrate_at_5,ndcg_at_5,precision_at_5,recall_at_5
run_model1_no_10fold_baseline_e004a5,model1,Model 1: LSTM + Attention,no_10fold,baseline,815361,20,5,4,7617,12682,769,0.6832298136645962,0.6832298136645962,1.0,0.8118081180811808,0.37379679144385025,0.6132264540567554,0.6502215266227722,0.5964912280701754,0.5964912280701754,1.0,0.7472527472527473,0.434462915601023,0.5203650939221902,0.684931755065918,2.68,0.0209,36788.8,2048.8,42.4,Indeterminate (insufficient epochs),None,0.37379679144385025,0.37379679144385025,run_model1_no_10fold_baseline_e004a5.pt,{},2026-10-08 23:05:05,SUCCESS,,,,,
run_model1_no_10fold_smote_dfe199,model1,Model 1: LSTM + Attention,no_10fold,smote,815361,20,5,4,47617,12682,769,0.6832298136645962,0.6832298136645962,1.0,0.8118081180811808,0.4736185383244207,0.6807370830500596,0.6363729238510132,0.5964912280701754,0.5964912280701754,1.0,0.7472527472527473,0.4494884910485934,0.5379034751537689,0.6995998024940491,0.83,0.0103,74347.6,2480.3,46.0,Indeterminate (insufficient epochs),None,0.4736185383244207,0.4736185383244207,run_model1_no_10fold_smote_dfe199.pt,{},2026-10-08 23:05:08,SUCCESS,,,,,
run_model1_no_10fold_adasyn_d66376,model1,Model 1: LSTM + Attention,no_10fold,adasyn,815361,20,5,4,47617,12682,769,0.6832298136645962,0.6832298136645962,1.0,0.8118081180811808,0.4568627450980393,0.6535127200641385,0.6565213203430176,0.5964912280701754,0.5964912280701754,1.0,0.7472527472527473,0.442455242966752,0.5356684531371567,0.7568358778953552,0.74,0.0089,86597.7,2485.8,46.0,Indeterminate (insufficient epochs),None,0.4568627450980393,0.4568627450980393,run_model1_no_10fold_adasyn_d66376.pt,{},2026-10-08 23:05:10,SUCCESS,,,,,
run_model1_no_10fold_gan_91d47b,model1,Model 1: LSTM + Attention,no_10fold,gan,815361,20,5,4,47617,12682,769,0.6832298136645962,0.6832298136645962,1.0,0.8118081180811808,0.4450980392156862,0.6473854726808939,0.6411972641944885,0.5964912280701754,0.5964912280701754,1.0,0.7472527472527473,0.4309462915601023,0.529396370283896,0.7199416160583496,0.83,0.0116,66048.7,2496.3,46.0,Indeterminate (insufficient epochs),None,0.4450980392156862,0.4450980392156862,run_model1_no_10fold_gan_91d47b.pt,{},2026-10-08 23:05:12,SUCCESS,,,,,
run_model1_10fold_baseline_842d3b,model1,Model 1: LSTM + Attention,10fold,baseline,815361,20,5,4,7617,12682,769,0.6832298136645962,0.6832298136645962,1.0,0.8118081180811808,0.47950089126559714,0.6821624081498003,0.6474332809448242,0.5964912280701754,0.5964912280701754,1.0,0.7472527472527473,0.44820971867007664,0.5338556839904489,0.7274234890937805,0.07,0.0085,90403.6,2496.3,48.6,Indeterminate (insufficient epochs),None,0.47950089126559714,0.47950089126559714,run_model1_10fold_baseline_842d3b.pt,"{'cv_accuracy_mean': 0.5986682808716707, 'cv_accuracy_std': 0.09866828087167068, 'cv_auc_mean': 0.5484793564397261, 'cv_auc_std': 0.052853976893607095, 'cv_f1_mean': 0.6910052539608913, 'cv_f1_std': 0.13067805559688322, 'folds_executed': 2}",2026-10-08 23:05:13,SUCCESS,,,,,
run_model1_10fold_smote_dfa352,model1,Model 1: LSTM + Attention,10fold,smote,815361,20,5,4,47617,12682,769,0.6832298136645962,0.6832298136645962,1.0,0.8118081180811808,0.4327985739750445,0.6427359261752547,0.6791660785675049,0.5964912280701754,0.5964912280701754,1.0,0.7472527472527473,0.4434143222506394,0.5351541432303862,0.7875665426254272,0.87,0.0087,88379.8,2499.3,52.2,Indeterminate (insufficient epochs),None,0.4327985739750445,0.4327985739750445,run_model1_10fold_smote_dfa352.pt,"{'cv_accuracy_mean': 0.6475054901739963, 'cv_accuracy_std': 0.049831071569345076, 'cv_auc_mean': 0.5524656874689178, 'cv_auc_std': 0.036395423642193225, 'cv_f1_mean': 0.7849319022315802, 'cv_f1_std': 0.03675140732619442, 'folds_executed': 2}",2026-10-08 23:05:15,SUCCESS,,,,,
run_model1_10fold_adasyn_1ea2f4,model1,Model 1: LSTM + Attention,10fold,adasyn,815361,20,5,4,47617,12682,769,0.6832298136645962,0.6832298136645962,1.0,0.8118081180811808,0.3850267379679144,0.6055197150491001,0.6358898282051086,0.5964912280701754,0.5964912280701754,1.0,0.7472527472527473,0.4603580562659846,0.5437612378041538,0.6831546425819397,0.63,0.0152,50443.7,2499.3,52.2,Indeterminate (insufficient epochs),None,0.3850267379679144,0.3850267379679144,run_model1_10fold_adasyn_1ea2f4.pt,"{'cv_accuracy_mean': 0.6347147924995776, 'cv_accuracy_std': 0.06262176924376373, 'cv_auc_mean': 0.540292747514051, 'cv_auc_std': 0.03640169693039341, 'cv_f1_mean': 0.761491005428238, 'cv_f1_std': 0.06019230412953663, 'folds_executed': 2}",2026-10-08 23:05:17,SUCCESS,,,,,
run_model1_10fold_gan_78416a,model1,Model 1: LSTM + Attention,10fold,gan,815361,20,5,4,47617,12682,769,0.6832298136645962,0.6832298136645962,1.0,0.8118081180811808,0.5315508021390374,0.7086825097695681,0.6197333335876465,0.5964912280701754,0.5964912280701754,1.0,0.7472527472527473,0.5684143222506394,0.6674989153395253,0.670198917388916,1.09,0.0125,61653.8,2501.2,52.2,Indeterminate (insufficient epochs),None,0.5315508021390374,0.5315508021390374,run_model1_10fold_gan_78416a.pt,"{'cv_accuracy_mean': 0.6475054901739963, 'cv_accuracy_std': 0.049831071569345076, 'cv_auc_mean': 0.5863164068259573, 'cv_auc_std': 0.056211370951820494, 'cv_f1_mean': 0.7849319022315802, 'cv_f1_std': 0.03675140732619442, 'folds_executed': 2}",2026-10-08 23:05:20,SUCCESS,,,,,
run_model2_no_10fold_baseline_f5523f,model2,Model 2: Transformer + Knowledge Tracing,no_10fold,baseline,836545,20,5,4,7617,12682,769,0.6708074534161491,0.6792452830188679,0.9818181818181818,0.8029739776951673,0.38199643493761143,0.6018141474603267,0.8582901358604431,0.5877192982456141,0.5963302752293578,0.9558823529411765,0.7344632768361582,0.4322250639386189,0.5694474590609042,0.9492470026016235,0.11,0.0105,73122.2,2501.2,36.1,Indeterminate (insufficient epochs),None,0.38199643493761143,0.38199643493761143,run_model2_no_10fold_baseline_f5523f.pt,{},2026-10-08 23:05:20,SUCCESS,,,,,
run_model2_no_10fold_smote_5b6187,model2,Model 2: Transformer + Knowledge Tracing,no_10fold,smote,836545,20,5,4,47617,12682,769,0.6832298136645962,0.6832298136645962,1.0,0.8118081180811808,0.42281639928698755,0.6329770981659264,0.6364691257476807,0.5964912280701754,0.5964912280701754,1.0,0.7472527472527473,0.44916879795396414,0.569229495882794,0.6939265727996826,0.82,0.0203,37952.8,2517.5,40.7,Indeterminate (insufficient epochs),None,0.42281639928698755,0.42281639928698755,run_model2_no_10fold_smote_5b6187.pt,{},2026-10-08 23:05:23,SUCCESS,,,,,
run_model2_no_10fold_adasyn_832103,model2,Model 2: Transformer + Knowledge Tracing,no_10fold,adasyn,836545,20,5,4,47617,12682,769,0.6832298136645962,0.6832298136645962,1.0,0.8118081180811808,0.4188948306595366,0.6285321585386424,0.6430836319923401,0.5964912280701754,0.5964912280701754,1.0,0.7472527472527473,0.4648337595907928,0.5774742182721737,0.7106325626373291,0.84,0.0087,88610.4,2517.5,40.7,Indeterminate (insufficient epochs),None,0.4188948306595366,0.4188948306595366,run_model2_no_10fold_adasyn_832103.pt,{},2026-10-08 23:05:25,SUCCESS,,,,,
run_model2_no_10fold_gan_42183e,model2,Model 2: Transformer + Knowledge Tracing,no_10fold,gan,836545,20,5,4,47617,12682,769,0.6832298136645962,0.6832298136645962,1.0,0.8118081180811808,0.4686274509803921,0.6724519898262407,0.631906270980835,0.5964912280701754,0.5964912280701754,1.0,0.7472527472527473,0.4750639386189258,0.5858696034972734,0.688986599445343,0.75,0.02,38530.9,2520.2,40.7,Indeterminate (insufficient epochs),None,0.4686274509803921,0.4686274509803921,run_model2_no_10fold_gan_42183e.pt,{},2026-10-08 23:05:27,SUCCESS,,,,,
run_model2_10fold_baseline_a81f52,model2,Model 2: Transformer + Knowledge Tracing,10fold,baseline,836545,20,5,4,7617,12682,769,0.6645962732919255,0.6842105263157895,0.9454545454545454,0.7938931297709924,0.49625668449197863,0.697846089219341,0.6821611523628235,0.543859649122807,0.5909090909090909,0.7647058823529411,0.6666666666666666,0.4578005115089514,0.601677198217906,0.7599090933799744,0.06,0.0213,36143.6,2520.2,42.5,Indeterminate (insufficient epochs),None,0.49625668449197863,0.49625668449197863,run_model2_10fold_baseline_a81f52.pt,"{'cv_accuracy_mean': 0.48609155920941494, 'cv_accuracy_std': 0.07204797567430599, 'cv_auc_mean': 0.4875429892989861, 'cv_auc_std': 0.015151455145458348, 'cv_f1_mean': 0.5638289907157832, 'cv_f1_std': 0.13458370769691522, 'folds_executed': 2}",2026-10-08 23:05:28,SUCCESS,,,,,
run_model2_10fold_smote_b238a9,model2,Model 2: Transformer + Knowledge Tracing,10fold,smote,836545,20,5,4,47617,12682,769,0.6832298136645962,0.6832298136645962,1.0,0.8118081180811808,0.4294117647058823,0.6468873957728314,0.6321620345115662,0.5964912280701754,0.5964912280701754,1.0,0.7472527472527473,0.4430946291560102,0.5669363367767454,0.6866406202316284,0.74,0.0086,89063.1,2520.3,47.1,Indeterminate (insufficient epochs),None,0.4294117647058823,0.4294117647058823,run_model2_10fold_smote_b238a9.pt,"{'cv_accuracy_mean': 0.6523481051861029, 'cv_accuracy_std': 0.054673686581451664, 'cv_auc_mean': 0.48790068199595654, 'cv_auc_std': 0.01654376244848793, 'cv_f1_mean': 0.7813292521995745, 'cv_f1_std': 0.04305391180623103, 'folds_executed': 2}",2026-10-08 23:05:30,SUCCESS,,,,,
run_model2_10fold_adasyn_06d180,model2,Model 2: Transformer + Knowledge Tracing,10fold,adasyn,836545,20,5,4,47617,12682,769,0.6832298136645962,0.6832298136645962,1.0,0.8118081180811808,0.5962566844919786,0.8095270061936873,0.6327487230300903,0.5964912280701754,0.5964912280701754,1.0,0.7472527472527473,0.5121483375959079,0.6239800219470375,0.6748641133308411,0.9,0.0151,50937.6,2520.3,47.1,Indeterminate (insufficient epochs),None,0.5962566844919786,0.5962566844919786,run_model2_10fold_adasyn_06d180.pt,"{'cv_accuracy_mean': 0.6266709837265612, 'cv_accuracy_std': 0.07550819302888678, 'cv_auc_mean': 0.5076116840227015, 'cv_auc_std': 0.03144501735603486, 'cv_f1_mean': 0.7412797625912002, 'cv_f1_std': 0.0781034973206941, 'folds_executed': 2}",2026-10-08 23:05:33,SUCCESS,,,,,
run_model2_10fold_gan_715c3b,model2,Model 2: Transformer + Knowledge Tracing,10fold,gan,836545,20,5,4,47617,12682,769,0.6832298136645962,0.6832298136645962,1.0,0.8118081180811808,0.40374331550802134,0.626273237915679,0.6354037523269653,0.5964912280701754,0.5964912280701754,1.0,0.7472527472527473,0.4424552429667519,0.542584068661772,0.6881762146949768,0.86,0.0154,49925.2,2520.3,47.1,Indeterminate (insufficient epochs),None,0.40374331550802134,0.40374331550802134,run_model2_10fold_gan_715c3b.pt,"{'cv_accuracy_mean': 0.4600456106762768, 'cv_accuracy_std': 0.12832648234697897, 'cv_auc_mean': 0.45542865188967113, 'cv_auc_std': 0.023845318556337758, 'cv_f1_mean': 0.49222703828365255, 'cv_f1_std': 0.2463253989393903, 'folds_executed': 2}",2026-10-08 23:05:36,SUCCESS,,,,,
run_model3_no_10fold_baseline_0356a4,model3,Model 3: BERT-style Transformer Encoder + NCF,no_10fold,baseline,1597249,20,5,4,7617,12682,769,0.5590062111801242,0.6638655462184874,0.7181818181818181,0.6899563318777293,0.492156862745098,0.6715166389971117,0.7809150218963623,0.5614035087719298,0.618421052631579,0.6911764705882353,0.6527777777777778,0.5517902813299231,0.6353737233338884,0.7571711540222168,0.07,0.0176,43570.3,2520.3,54.3,Indeterminate (insufficient epochs),None,0.492156862745098,0.492156862745098,run_model3_no_10fold_baseline_0356a4.pt,{},2026-10-08 23:05:36,SUCCESS,,,,,
run_model3_no_10fold_smote_5cfa11,model3,Model 3: BERT-style Transformer Encoder + NCF,no_10fold,smote,1597249,20,5,4,47617,12682,769,0.6832298136645962,0.6832298136645962,1.0,0.8118081180811808,0.4073083778966132,0.6269505768203152,0.6514595746994019,0.5964912280701754,0.5964912280701754,1.0,0.7472527472527473,0.41975703324808183,0.5793770965128535,0.7055613994598389,0.91,0.0086,88923.1,2530.6,55.6,Indeterminate (insufficient epochs),None,0.4073083778966132,0.4073083778966132,run_model3_no_10fold_smote_5cfa11.pt,{},2026-10-08 23:05:38,SUCCESS,,,,,
run_model3_no_10fold_adasyn_2d24e7,model3,Model 3: BERT-style Transformer Encoder + NCF,no_10fold,adasyn,1597249,20,5,4,47617,12682,769,0.6832298136645962,0.6832298136645962,1.0,0.8118081180811808,0.6251336898395722,0.8074067795573807,0.608866810798645,0.6052631578947368,0.6017699115044248,1.0,0.7513812154696132,0.57193094629156,0.6678322715209506,0.6729882955551147,0.82,0.0096,80096.8,2530.6,55.6,Indeterminate (insufficient epochs),None,0.6251336898395722,0.6251336898395722,run_model3_no_10fold_adasyn_2d24e7.pt,{},2026-10-08 23:05:40,SUCCESS,,,,,
run_model3_no_10fold_gan_615a96,model3,Model 3: BERT-style Transformer Encoder + NCF,no_10fold,gan,1597249,20,5,4,47617,12682,769,0.6832298136645962,0.6832298136645962,1.0,0.8118081180811808,0.6212121212121212,0.7899774030115259,0.6146351099014282,0.5964912280701754,0.5964912280701754,1.0,0.7472527472527473,0.4702685421994886,0.5967064336144,0.6893099546432495,0.8,0.0202,37992.2,2532.8,55.6,Indeterminate (insufficient epochs),None,0.6212121212121212,0.6212121212121212,run_model3_no_10fold_gan_615a96.pt,{},2026-10-08 23:05:43,SUCCESS,,,,,
run_model3_10fold_baseline_e0a5ec,model3,Model 3: BERT-style Transformer Encoder + NCF,10fold,baseline,1597249,20,5,4,7617,12682,769,0.6770186335403726,0.7265625,0.8454545454545455,0.7815126050420168,0.5923351158645276,0.7180872437896759,0.6421679258346558,0.5964912280701754,0.625,0.8088235294117647,0.7051282051282052,0.5377237851662404,0.6101563294734715,0.7592172026634216,0.09,0.0167,46099.8,2532.8,66.5,Indeterminate (insufficient epochs),None,0.5923351158645276,0.5923351158645276,run_model3_10fold_baseline_e0a5ec.pt,"{'cv_accuracy_mean': 0.5384847119770257, 'cv_accuracy_std': 0.0033757531392533124, 'cv_auc_mean': 0.521155169699287, 'cv_auc_std': 0.03884483030071295, 'cv_f1_mean': 0.6299224537538448, 'cv_f1_std': 0.020166356192869217, 'folds_executed': 2}",2026-10-08 23:05:43,SUCCESS,,,,,
run_model3_10fold_smote_c64dfa,model3,Model 3: BERT-style Transformer Encoder + NCF,10fold,smote,1597249,20,5,4,47617,12682,769,0.6832298136645962,0.6832298136645962,1.0,0.8118081180811808,0.5099821746880572,0.6851015661880657,0.6310177445411682,0.6052631578947368,0.6017699115044248,1.0,0.7513812154696132,0.6048593350383631,0.7154316012119744,0.6640241146087646,0.87,0.0116,66528.2,2537.7,68.4,Indeterminate (insufficient epochs),None,0.5099821746880572,0.5099821746880572,run_model3_10fold_smote_c64dfa.pt,"{'cv_accuracy_mean': 0.5578551720254519, 'cv_accuracy_std': 0.015994706909172818, 'cv_auc_mean': 0.5107874254340259, 'cv_auc_std': 0.02865701901041867, 'cv_f1_mean': 0.6742884593025035, 'cv_f1_std': 0.0009882934650241593, 'folds_executed': 2}",2026-10-08 23:05:46,SUCCESS,,,,,
run_model3_10fold_adasyn_d112c6,model3,Model 3: BERT-style Transformer Encoder + NCF,10fold,adasyn,1597249,20,5,4,47617,12682,769,0.6645962732919255,0.6818181818181818,0.9545454545454546,0.7954545454545454,0.5896613190730837,0.7543099574583503,0.6183822154998779,0.5614035087719298,0.5818181818181818,0.9411764705882353,0.7191011235955056,0.4491687979539642,0.5590770977830505,0.718391478061676,0.88,0.0096,79710.8,2537.7,68.4,Indeterminate (insufficient epochs),None,0.5896613190730837,0.5896613190730837,run_model3_10fold_adasyn_d112c6.pt,"{'cv_accuracy_mean': 0.5345514950166113, 'cv_accuracy_std': 0.036877076411960114, 'cv_auc_mean': 0.5058015017530969, 'cv_auc_std': 0.04033738713579191, 'cv_f1_mean': 0.6283123533176873, 'cv_f1_std': 0.04691700448047792, 'folds_executed': 2}",2026-10-08 23:05:48,SUCCESS,,,,,
run_model3_10fold_gan_e66852,model3,Model 3: BERT-style Transformer Encoder + NCF,10fold,gan,1597249,20,5,4,47617,12682,769,0.6832298136645962,0.6832298136645962,1.0,0.8118081180811808,0.42816399286987517,0.6611331026623631,0.6442602872848511,0.5964912280701754,0.5964912280701754,1.0,0.7472527472527473,0.38267263427109977,0.5824584441186162,0.7067373394966125,1.02,0.0124,61873.8,2539.6,68.4,Indeterminate (insufficient epochs),None,0.42816399286987517,0.42816399286987517,run_model3_10fold_gan_e66852.pt,"{'cv_accuracy_mean': 0.5247846162509151, 'cv_accuracy_std': 0.03568050002815476, 'cv_auc_mean': 0.49513518464372025, 'cv_auc_std': 0.00424629575483132, 'cv_f1_mean': 0.6171849631572375, 'cv_f1_std': 0.06516797801923319, 'folds_executed': 2}",2026-10-08 23:05:51,SUCCESS,,,,,
run_model5_no_10fold_baseline_5f9928,model5,Model 5: CNN + LSTM,no_10fold,baseline,815361,20,5,4,7617,12682,769,0.6273291925465838,0.6785714285714286,0.8636363636363636,0.76,0.5001782531194296,0.6967173316791471,0.6737467050552368,0.6228070175438597,0.6262626262626263,0.9117647058823529,0.7425149700598802,0.5383631713554987,0.63080200391739,0.6868646144866943,0.33,0.0201,38285.3,2539.6,42.4,Indeterminate (insufficient epochs),None,0.5001782531194296,0.5001782531194296,run_model5_no_10fold_baseline_5f9928.pt,{},2026-10-08 23:05:52,SUCCESS,,,,,
run_model5_no_10fold_smote_cddcb7,model5,Model 5: CNN + LSTM,no_10fold,smote,815361,20,5,4,47617,12682,769,0.8633540372670807,0.8492063492063492,0.9727272727272728,0.9067796610169492,0.9098039215686274,0.9244229149184257,0.3950776755809784,0.8245614035087719,0.875,0.8235294117647058,0.8484848484848485,0.9453324808184143,0.9658282329784753,0.2851780354976654,1.21,0.0134,57548.5,2604.7,46.7,Indeterminate (insufficient epochs),None,0.9098039215686274,0.9098039215686274,run_model5_no_10fold_smote_cddcb7.pt,{},2026-10-08 23:05:55,SUCCESS,,,,,
run_model5_no_10fold_adasyn_241fdf,model5,Model 5: CNN + LSTM,no_10fold,adasyn,815361,20,5,4,47617,12682,769,0.8385093167701864,0.8181818181818182,0.9818181818181818,0.8925619834710744,0.8709447415329769,0.9337324852066056,0.676284670829773,0.8859649122807017,0.8481012658227848,0.9852941176470589,0.9115646258503401,0.9267902813299232,0.9392687514330347,0.7645983695983887,0.69,0.0086,89742.1,2609.3,46.7,Indeterminate (insufficient epochs),None,0.8709447415329769,0.8709447415329769,run_model5_no_10fold_adasyn_241fdf.pt,{},2026-10-08 23:05:57,SUCCESS,,,,,
run_model5_no_10fold_gan_cd7026,model5,Model 5: CNN + LSTM,no_10fold,gan,815361,20,5,4,47617,12682,769,0.7142857142857143,0.9210526315789473,0.6363636363636364,0.7526881720430108,0.8361853832442068,0.9268955207273146,0.5621654391288757,0.8157894736842105,0.9433962264150944,0.7352941176470589,0.8264462809917356,0.9219948849104859,0.9543680929585829,0.32344958186149597,0.68,0.0159,48405.0,2621.6,46.7,Indeterminate (insufficient epochs),None,0.8361853832442068,0.8361853832442068,run_model5_no_10fold_gan_cd7026.pt,{},2026-10-08 23:05:59,SUCCESS,,,,,
run_model5_10fold_baseline_5e5cce,model5,Model 5: CNN + LSTM,10fold,baseline,815361,20,5,4,7617,12682,769,0.6708074534161491,0.6815286624203821,0.9727272727272728,0.8014981273408239,0.4741532976827095,0.6601915965598795,0.6680005192756653,0.5964912280701754,0.5964912280701754,1.0,0.7472527472527473,0.44629156010230187,0.5350646960368,0.6958175897598267,0.04,0.0188,40945.8,2621.6,48.7,Indeterminate (insufficient epochs),None,0.4741532976827095,0.4741532976827095,run_model5_10fold_baseline_5e5cce.pt,"{'cv_accuracy_mean': 0.5627935131482629, 'cv_accuracy_std': 0.025584210822681475, 'cv_auc_mean': 0.46885032231743673, 'cv_auc_std': 0.0045107887936743085, 'cv_f1_mean': 0.6874222636815921, 'cv_f1_std': 0.017438847429519122, 'folds_executed': 2}",2026-10-08 23:06:00,SUCCESS,,,,,
run_model5_10fold_smote_04e88c,model5,Model 5: CNN + LSTM,10fold,smote,815361,20,5,4,47617,12682,769,0.7701863354037267,0.8411214953271028,0.8181818181818182,0.8294930875576036,0.8859180035650623,0.9455248725212385,0.3477433919906616,0.868421052631579,0.8354430379746836,0.9705882352941176,0.8979591836734694,0.9584398976982097,0.972158686037182,0.24829822778701782,0.77,0.0092,83709.7,2621.6,52.9,Indeterminate (insufficient epochs),None,0.8859180035650623,0.8859180035650623,run_model5_10fold_smote_04e88c.pt,"{'cv_accuracy_mean': 0.590145841545132, 'cv_accuracy_std': 0.08782026014978317, 'cv_auc_mean': 0.4584525436150034, 'cv_auc_std': 0.03363078971832989, 'cv_f1_mean': 0.7130159192743434, 'cv_f1_std': 0.09110779206586284, 'folds_executed': 2}",2026-10-08 23:06:02,SUCCESS,,,,,
run_model5_10fold_adasyn_27f588,model5,Model 5: CNN + LSTM,10fold,adasyn,815361,20,5,4,47617,12682,769,0.7329192546583851,0.845360824742268,0.7454545454545455,0.7922705314009661,0.8686274509803922,0.9388375813126151,0.502918004989624,0.8245614035087719,0.9444444444444444,0.75,0.8360655737704918,0.8101023017902813,0.9096550688942541,0.7016493082046509,0.72,0.0093,83125.1,2621.6,52.9,Indeterminate (insufficient epochs),None,0.8686274509803922,0.8686274509803922,run_model5_10fold_adasyn_27f588.pt,"{'cv_accuracy_mean': 0.5763359423390957, 'cv_accuracy_std': 0.10889408187397942, 'cv_auc_mean': 0.5091581460905812, 'cv_auc_std': 0.011508520576085368, 'cv_f1_mean': 0.6159236837277564, 'cv_f1_std': 0.19567051917079437, 'folds_executed': 2}",2026-10-08 23:06:05,SUCCESS,,,,,
run_model5_10fold_gan_333426,model5,Model 5: CNN + LSTM,10fold,gan,815361,20,5,4,47617,12682,769,0.7888198757763976,0.796875,0.9272727272727272,0.8571428571428571,0.8957219251336899,0.9492543337679679,0.5797210931777954,0.8333333333333334,0.788235294117647,0.9852941176470589,0.8758169934640523,0.817455242966752,0.7742579666015423,1.0802085399627686,0.57,0.0121,63573.9,2621.6,52.9,Indeterminate (insufficient epochs),None,0.8957219251336899,0.8957219251336899,run_model5_10fold_gan_333426.pt,"{'cv_accuracy_mean': 0.6475054901739963, 'cv_accuracy_std': 0.049831071569345076, 'cv_auc_mean': 0.555840942061582, 'cv_auc_std': 0.03740905793841792, 'cv_f1_mean': 0.7849319022315802, 'cv_f1_std': 0.03675140732619442, 'folds_executed': 2}",2026-10-08 23:06:07,SUCCESS,,,,,
run_model4_no_10fold_baseline_921311,model4,Model 4: Autoencoder + Recommender Network,no_10fold,baseline,25768,16,4,5,356,123,31,0.475,0.3133047210300429,0.5934959349593496,0.4101123595505618,0.5246397229315254,0.36566161797871977,0.5955680012702942,0.45,0.057971014492753624,0.5161290322580645,0.10423452768729642,0.5132402503610978,0.12012912947414991,0.1212136372923851,1.59,0.0102,490.1,1670.0,16.8,Indeterminate (insufficient epochs),None,0.5246397229315254,0.5246397229315254,run_model4_no_10fold_baseline_921311.pt,{},2026-10-08 23:07:57,SUCCESS,0.1212136372923851,0.6666666666666666,0.10026172671638328,0.13333333333333333,0.04784688995215311
run_model4_no_10fold_smote_f11ac8,model4,Model 4: Autoencoder + Recommender Network,no_10fold,smote,25768,16,4,5,356,123,31,0.5075,0.315,0.5121951219512195,0.39009287925696595,0.5027149188459393,0.3711035407932265,1.2200578451156616,0.434,0.05319148936170213,0.4838709677419355,0.09584664536741214,0.46309925029231724,0.09413780053424368,0.22263284027576447,0.03,0.0098,507.8,1670.7,16.8,Indeterminate (insufficient epochs),None,0.5027149188459393,0.5027149188459393,run_model4_no_10fold_smote_f11ac8.pt,{},2026-10-08 23:07:58,SUCCESS,0.22263284027576447,0.3333333333333333,0.07132875491150918,0.06666666666666667,0.030303030303030304
run_model4_no_10fold_adasyn_a8c07c,model4,Model 4: Autoencoder + Recommender Network,no_10fold,adasyn,25768,16,4,5,356,123,31,0.5125,0.3235294117647059,0.5365853658536586,0.4036697247706422,0.49957441812685277,0.35126148279134495,0.6407436728477478,0.484,0.054901960784313725,0.45161290322580644,0.0979020979020979,0.4901987757067198,0.11677644546904015,0.19346879422664642,0.02,0.0136,367.5,1670.7,16.8,Indeterminate (insufficient epochs),None,0.49957441812685277,0.49957441812685277,run_model4_no_10fold_adasyn_a8c07c.pt,{},2026-10-08 23:07:58,SUCCESS,0.19346879422664642,0.3333333333333333,0.16174285170544087,0.13333333333333333,0.03508771929824561
run_model4_no_10fold_gan_ffd5c3,model4,Model 4: Autoencoder + Recommender Network,no_10fold,gan,25768,16,4,5,356,123,31,0.505,0.30158730158730157,0.4634146341463415,0.36538461538461536,0.4798508995920284,0.32899739868700345,0.5286427140235901,0.514,0.0546218487394958,0.41935483870967744,0.09665427509293681,0.42059288809409173,0.06753255347402151,0.1586429476737976,0.03,0.0123,405.9,1670.8,16.8,Indeterminate (insufficient epochs),None,0.4798508995920284,0.4798508995920284,run_model4_no_10fold_gan_ffd5c3.pt,{},2026-10-08 23:07:58,SUCCESS,0.1586429476737976,0.0,0.0,0.0,0.0
run_model4_10fold_baseline_8b3000,model4,Model 4: Autoencoder + Recommender Network,10fold,baseline,25768,16,4,5,356,123,31,0.4875,0.30288461538461536,0.5121951219512195,0.3806646525679758,0.49214874820228344,0.36767350849523206,1.0315831899642944,0.532,0.06437768240343347,0.4838709677419355,0.11363636363636363,0.4954260953298026,0.15642952451546252,0.1405741572380066,0.02,0.0094,532.7,1670.9,16.9,Indeterminate (insufficient epochs),None,0.49214874820228344,0.49214874820228344,run_model4_10fold_baseline_8b3000.pt,"{'cv_mse_mean': 0.6789731085300446, 'cv_mse_std': 0.03092697262763977}",2026-10-08 23:07:58,SUCCESS,0.1405741572380066,1.0,0.5388112108762214,0.26666666666666666,0.3987240829346092
run_model4_10fold_smote_2970d0,model4,Model 4: Autoencoder + Recommender Network,10fold,smote,25768,16,4,5,356,123,31,0.4925,0.3058252427184466,0.5121951219512195,0.3829787234042553,0.5108156496727422,0.39084119000719675,0.9490234851837158,0.464,0.06909090909090909,0.6129032258064516,0.12418300653594772,0.5785129651282758,0.14413681988237054,0.23326726257801056,0.02,0.0073,680.5,1670.9,16.9,Indeterminate (insufficient epochs),None,0.5108156496727422,0.5108156496727422,run_model4_10fold_smote_2970d0.pt,"{'cv_mse_mean': 0.5554465055465698, 'cv_mse_std': 0.17566895484924316}",2026-10-08 23:07:58,SUCCESS,0.23326726257801056,0.3333333333333333,0.11305340175787204,0.06666666666666667,0.017543859649122806
run_model4_10fold_adasyn_ac196f,model4,Model 4: Autoencoder + Recommender Network,10fold,adasyn,25768,16,4,5,356,123,31,0.505,0.2832369942196532,0.3983739837398374,0.3310810810810811,0.48040855859822135,0.35084385974917837,0.39774107933044434,0.546,0.06637168141592921,0.4838709677419355,0.11673151750972763,0.4802256001100489,0.08265811204673795,0.1346641480922699,0.04,0.0149,335.2,1671.0,16.9,Indeterminate (insufficient epochs),None,0.48040855859822135,0.48040855859822135,run_model4_10fold_adasyn_ac196f.pt,"{'cv_mse_mean': 0.6220836937427521, 'cv_mse_std': 0.20594695210456848}",2026-10-08 23:07:58,SUCCESS,0.1346641480922699,0.0,0.0,0.0,0.0
run_model4_10fold_gan_7bc0e2,model4,Model 4: Autoencoder + Recommender Network,10fold,gan,25768,16,4,5,356,123,31,0.505,0.29508196721311475,0.43902439024390244,0.35294117647058826,0.4807314138123331,0.3390309249354656,0.9390580058097839,0.48,0.07116104868913857,0.6129032258064516,0.12751677852348994,0.6125593231996699,0.1611729148069252,0.16069135069847107,0.03,0.0077,648.8,1671.0,16.9,Indeterminate (insufficient epochs),None,0.4807314138123331,0.4807314138123331,run_model4_10fold_gan_7bc0e2.pt,"{'cv_mse_mean': 0.5513186454772949, 'cv_mse_std': 0.01896899938583374}",2026-10-08 23:07:58,SUCCESS,0.16069135069847107,0.6666666666666666,0.21826955258437689,0.20000000000000004,0.07814992025518341
