fold,train_users,val_users,user_overlap,train_events,val_events,accuracy,precision,recall,f1,roc_auc,pr_auc,log_loss
1,896,100,0,383601,42072,0.6481529320588995,0.6481529320588995,1.0,0.7865203761755486,0.5974445008249304,0.7162700381822583,0.6397904753684998
2,896,100,0,386293,39380,0.630188679245283,0.630188679245283,1.0,0.7731481481481481,0.5942497318288593,0.6966534874766667,0.6528522968292236
3,896,100,0,396500,29173,0.6671004685059865,0.6671004685059865,1.0,0.8003122560499609,0.6051288606094366,0.7305942849612769,0.6237100958824158
4,896,100,0,382365,43308,0.6390403489640131,0.6390403489640131,1.0,0.7797737857618097,0.5623575781322501,0.6771761603490918,0.6500527858734131
5,896,100,0,381392,44281,0.6256077795786061,0.6256077795786061,1.0,0.769690927218345,0.6173971394178648,0.6932277753523488,0.6582175493240356
6,896,100,0,375523,50150,0.6323049912214698,0.6323049912214698,1.0,0.7747387830362631,0.5801124578100572,0.6861075770894272,0.6505781412124634
7,897,99,0,384756,40917,0.6494712406499871,0.6494712406499871,1.0,0.7874902267396403,0.5984886740413833,0.7028243415395994,0.6448805928230286
8,897,99,0,387717,37956,0.6427155599603568,0.6427155599603568,1.0,0.7825037707390649,0.5738081692842867,0.7001896281190242,0.6472681164741516
9,897,99,0,385190,40483,0.660207423580786,0.660207423580786,1.0,0.7953312510274536,0.587570787490599,0.7111149182869829,0.6324920058250427
10,897,99,0,367720,57953,0.6449559255631734,0.6449559255631734,1.0,0.7841619529621912,0.5988050166260833,0.7070818832217889,0.6411934494972229
