fold,accuracy,precision,recall,f1,roc_auc,pr_auc,log_loss
1,0.6481529320588995,0.6481529320588995,1.0,0.7865203761755486,0.5852317852500455,0.7090610931047625,0.6410118937492371
2,0.630188679245283,0.630188679245283,1.0,0.7731481481481481,0.5795401034665364,0.6791825748842013,0.6543306708335876
3,0.6671004685059865,0.6671004685059865,1.0,0.8003122560499609,0.5924481029579233,0.7286451815842939,0.6314345598220825
4,0.6390403489640131,0.6390403489640131,1.0,0.7797737857618097,0.563824330037223,0.6806402117922727,0.6499806046485901
5,0.6256077795786061,0.6256077795786061,1.0,0.769690927218345,0.5818612039466962,0.6768826272671042,0.6564279794692993
6,0.6323049912214698,0.6323049912214698,1.0,0.7747387830362631,0.5951371372693116,0.6952686621546547,0.6482377648353577
7,0.6494712406499871,0.6494712406499871,1.0,0.7874902267396403,0.6141688598529148,0.71044788788043,0.6352475881576538
8,0.6427155599603568,0.6427155599603568,1.0,0.7825037707390649,0.5974894587637961,0.6961359875185427,0.6435893774032593
9,0.660207423580786,0.660207423580786,1.0,0.7953312510274536,0.5733186570174871,0.7057944155086744,0.6370235085487366
10,0.6449559255631734,0.6449559255631734,1.0,0.7841619529621912,0.6043591757651925,0.7132974124397903,0.6404896378517151
